{"cameraMode":{"drawMode":0,"name":"Shaded","section":"Shading Mode"},"sceneLighting":true,"audioPlay":false,"sceneViewState":{"m_AlwaysRefresh":false,"showFog":true,"showSkybox":true,"showFlares":true,"showImageEffects":true,"showParticleSystems":true,"showVisualEffectGraphs":true,"m_FxEnabled":true},"in2DMode":false,"pivot":{"x":-0.11765864491462708,"y":-0.030060261487960817,"z":0.024623870849609376},"rotation":{"x":-0.12251008301973343,"y":0.08830410242080689,"z":-0.01094417367130518,"w":-0.9884730577468872},"size":8.486732482910157,"orthographic":false}