{"cameraMode":{"drawMode":0,"name":"Shaded","section":"Shading Mode"},"sceneLighting":true,"audioPlay":false,"sceneViewState":{"m_AlwaysRefresh":false,"showFog":true,"showSkybox":true,"showFlares":true,"showImageEffects":true,"showParticleSystems":true,"showVisualEffectGraphs":true,"m_FxEnabled":true},"in2DMode":false,"pivot":{"x":0.6057090759277344,"y":6.30817985534668,"z":-1.7516765594482422},"rotation":{"x":-0.004934308119118214,"y":0.9659147262573242,"z":-0.25830918550491335,"w":-0.018554771319031717},"size":55.341575622558597,"orthographic":false}