{"cameraMode":{"drawMode":0,"name":"Shaded","section":"Shading Mode"},"sceneLighting":true,"audioPlay":false,"sceneViewState":{"m_AlwaysRefresh":false,"showFog":true,"showSkybox":true,"showFlares":true,"showImageEffects":true,"showParticleSystems":true,"showVisualEffectGraphs":true,"m_FxEnabled":true},"in2DMode":false,"pivot":{"x":7.042038917541504,"y":4.181552410125732,"z":69.45523834228516},"rotation":{"x":0.0031595437321811916,"y":0.9887340068817139,"z":-0.14822858572006226,"w":0.02106383442878723},"size":17.18854331970215,"orthographic":false}