{"cameraMode":{"drawMode":1,"name":"Wireframe","section":"Shading Mode"},"sceneLighting":true,"audioPlay":false,"sceneViewState":{"m_AlwaysRefresh":false,"showFog":true,"showSkybox":true,"showFlares":true,"showImageEffects":true,"showParticleSystems":true,"showVisualEffectGraphs":true,"m_FxEnabled":true},"in2DMode":false,"pivot":{"x":-0.10858061909675598,"y":0.8245231509208679,"z":0.003437149105593562},"rotation":{"x":-0.18637163937091828,"y":-0.4406445622444153,"z":0.09406387805938721,"w":-0.8730760812759399},"size":9.795970916748047,"orthographic":false}